{
  "project_info": {
    "project_number": "812364291950",
    "firebase_url": "https://fir-authapp-29204.firebaseio.com",
    "project_id": "fir-authapp-29204",
    "storage_bucket": "fir-authapp-29204.appspot.com"
  },
  "client": [
    {
      "client_info": {
        "mobilesdk_app_id": "1:812364291950:android:2003b9294baf70706b2b7f",
        "android_client_info": {
          "package_name": "com.example.firebaseauthapp"
        }
      },
      "oauth_client": [
        {
          "client_id": "812364291950-f6enl9jvbdjrto8i9omn7pkrmd6u0c55.apps.googleusercontent.com",
          "client_type": 1,
          "android_info": {
            "package_name": "com.example.firebaseauthapp",
            "certificate_hash": "ce9cf192ebbb6a4e931f3cb97222b89013308a90"
          }
        },
        {
          "client_id": "812364291950-137i771bkatqsendumcoqtaundgiq5vc.apps.googleusercontent.com",
          "client_type": 3
        }
      ],
      "api_key": [
        {
          "current_key": "AIzaSyA4OFyeReHM0D6_Z6TxOi0rDb-TWFXS6lg"
        }
      ],
      "services": {
        "appinvite_service": {
          "other_platform_oauth_client": [
            {
              "client_id": "812364291950-137i771bkatqsendumcoqtaundgiq5vc.apps.googleusercontent.com",
              "client_type": 3
            }
          ]
        }
      }
    }
  ],
  "configuration_version": "1"
}